word,hash
テーブル,6Zfbufm0WiVd
いす,3WdjXWZ6Raii
つくえ,o6o0xzRI6mHC
ベッド,nktqXhVz0GyI
まくら,SJHbCBd8ffi5
かがみ,vClSNZyu4DgV
れいぞうこ,z25eaq1wq6bJ
せんたくき,s8rnzOLMA3iv
そうじき,7lq9s7kMxdtZ
でんき,rr1wpf6AJVVG
ドア,w05qXJLejgun
まど,U0wKrcV6kTRH
テレビ,Yh8dn6RfeGR1
リモコン,6ueWrUAV3lV1
とけい,3GHtc6f4VWvK
かさ,ZjOjzrAHaUDY
かばん,mfrsvrA1vK58
さいふ,vBzBIvrF9QC9
かぎ,PrcHdvLud5zy
スマートフォン,fHffUwAHyrmq
パソコン,zhMtbS7mCCT9
タオル,tFvgwsVcuC6G
コップ,HjNbfkDlwlfY
ごみ箱,UPp64DFIEpLI
なべ,HhTCo3xoNFDF
フライパン,mOokyd0Gpzok
包丁,vW3KsP0JJwdi
まな板,tgfPZXcuSSgS
皿,khxh57LUN9ZR
茶わん,eAJqsshH0zMr
はし,RyQHEYac4Hjk
スプーン,5AbYiNw343ZI
フォーク,u7wMKZTpnSLr
やかん,Q7ma1ysv1T2R
電子レンジ,4N0EKmR4UD8r
炊飯器,gw7JzFS4mCRo
歯ブラシ,GVbVDEdu95Kb
歯みがき粉,2HqvCBvN7IBT
せっけん,IBHUaFwim52K
シャンプー,8NKV4EHsSfmB
ドライヤー,iylmoMs5Sp0V
くし,g4wSX22dY7i6
洗面器,FDmNam3nnkhH
便座,sKyzQXPTsdCW
シャワー,bFaH27BbmR6D
バスマット,n5CF5jQUyZtU
体重計,KVB4SpYSm9zP
トイレットペーパー,cLEd4EPbTWGE
布団,gSGBCWdjFof0
毛布,wJHbIqg2mdT3
シーツ,4mf4HUWQ96R6
枕カバー,O5avY3agglf9
洋服だんす,ehLablJGwdG7
ハンガー,HkB678JgeX9W
カーテン,MWOTBnRAHKo6
目覚まし時計,EY7yuzH4rCNr
収納箱,hrsmrigc4TLW
ナイトテーブル,CS6XXfI9Nl4B
パジャマ,nlITFv13RmcN
衣類,1dD8PRrNAD43
ソファ,cBI8lvZWNqFJ
じゅうたん,AUWRmfPmmkeB
クッション,DqT8NBInGvDf
本棚,LI9rjBgMletE
花びん,SQkdFueMYzW7
写真立て,LBtr3Rur7zeI
ごみ袋,YFuFGcye7j07
扇風機,mec9IcMnmVHm
エアコン,PV2NxN4y3j13
掛け時計,z2oJbdl52K7G
電気スタンド,78YuckJfoP8A
ボールペン,ewNZcfU4lM3V
鉛筆,QhNxvMWkcgrc
消しゴム,dQCBM3BPrE4i
ノート,xdj8E4XKczlL
はさみ,Woc60wcTppQ3
のり,Z1U80YvvqScx
定規,Vq95yMYHIOBW
ホッチキス,qSSmfWGtgHGN
クリップ,Ktz2yAvmFuhg
封筒,MuGj4Mq8065E
プリンター,9aTZeZGRycqB
ファイル,n1o0KwXQZ37h
ほうき,My3bYCQJfEkL
ちり取り,B5Q1Pajbmngv
モップ,nzcgp2jd3zC4
雑巾,adiKaPqiYLlL
バケツ,u8XvNnltZuF9
洗剤,7EBOCamLDgjv
スポンジ,ykv4dDMNSKUZ
ゴム手袋,yUBJZf1tOjv8
ブラシ,YDWmTi4jIXg8
洗濯かご,U0uGQ4FyKFXc
アイロン,dARkUyX8W3sd
アイロン台,sRl5Jb8JcszT
ドライバー,mDCst13xteFb
かなづち,iqVs1DWLsK6r
ペンチ,nU98EK1YWDpy
のこぎり,Th13d19m2LXt
メジャー,pf2GACoMn73h
ねじ,mMQ3SXyyut9I
くぎ,2D2atS6rN7Nq
工具箱,kZFO0tP3zmK9
はしご,QFnC9wAI8HDS
きり,47tCueO5GVZI
ガムテープ,sOShlfK8764h
接着剤,606hU3AZ83mG
シャツ,29GU1rUeiIC6
ズボン,oHNmh5TCmUmK
スカート,tJdXxEWusDed
コート,AV5Lb84OaSsd
セーター,PoXgKGu9nUH5
靴,G9OLcWwt7jn0
靴下,SRSPUEmDlhxx
帽子,0B6GoDY4aDj3
手袋,JiL1r6WBs3pW
ベルト,7NqZiUNqus6u
マフラー,PLDOETAvLSUv
下着,fKj7JOlfKPRN
戸棚,rej2fHFYjSmn
引き出し,gBzZQ0iGwhQZ
棚,CKM2cXlbsSs0
収納棚,sbKechjlFes5
衣装ケース,6lamvDEANmwq
袋,lAygJ7vZU6Mw
紙袋,Q3pCeQpnqjO2
ポリ袋,kUjEw1sdQjDz
ふた,hIO9Xms3Plt0
箱,p0BjCO7X1wgM
かご,Xu1jizkiXEtj
貯金箱,Rh55K68S0lln
充電器,FYwdeAm7ipMq
電池,jo0TMHVijYps
電源コード,IkhMOsbLed1Q
ラジオ,9Rv3tScICwoH
ヘッドホン,vj6N43ei8SLi
イヤホン,fsWXLJO7BEVW
キーボード,K6PET4tp8YIB
マウス,JSTz30cnA75U
USBメモリ,EXdFyj34ItGi
電卓,zWSTKJaZB6dj
電球,aHoHKCGCxcFY
電話機,x6mCQrit3Ofj
電気ポット,HAfTuonqRMy8
